"2016-3-1234","krizel.luna@lpu.edu.ph","66f7c3f38607d52236f747252c8feba4866900d6c174ecfd2e0dffbc608b1623","0","2021-11-26 02:12:00"
"2016-3-3456","adam.smith@lpu.edu.ph","51dafe477f5677b7a6eb0f4de13cb6984d65074787399c33a2448e9a55fdbb0f","0","0000-00-00 00:00:00"
"2016-3-5678","willy.ong@lpu.edu.ph","385df8f5e89ff308a97bf848af40560763d6a17fd1b8701687c26fe4ac179ba8","0","2021-11-27 10:08:00"
"2016-3-7890","liezel.sabucadalao@lpu.edu.ph","d473be41a44df8b7df725e1b81dcaedcaada57b9c977d36ad958c5e8c20bb839","0","2021-11-26 12:08:00"
"2016-3-9012","kwak.kwak@lpu.edu.ph","9e166b2660994213ac25eb570995d53aca1736c2cda1e36f7342991f9423cdfc","0","2021-11-18 08:01:00"
"2017-3-02736","johnny.sins@lpu.edu.ph","31fdef858dfff6ce48fe2a5171419099d7a0dd921a7f4e3214f29b1cf1a77b79","0",NULL
"2021-1-01625","farrah.bunch@lpu.edu.ph","61e48677279514417849f8f5763c6339e945f9a9260c07f354c48cac9c2b9113","0",NULL
"2021-1-01827","john.doe@lpu.edu.ph","3505b39200e0f76d90b9c8d13deadd7ff561936e317984d00be28604f4b02f48","0","2021-11-30 06:53:00"
"2021-1-03276","juan.delacruz@lpu.edu.ph","32c0230638a1a851c38d5f223e94a0e9ac9b55bae7747233b6edc358aa72c23a","0",NULL
"2021-1-28736","nympha.leyva@lpu.edu.ph","10d5323b838d639ea9deeb28496447f99620972b99b9b4590dd43d34c8b95f76","0","2021-11-26 04:13:00"
